Timestamp,Potentiometer,Button,Light
2026-08-11 17:18:18.718,645,0,41
2026-08-11 17:18:18.718,645,0,41
2026-08-11 17:18:18.718,645,0,41
2026-08-11 17:18:18.718,645,0,41
2026-08-11 17:18:18.718,645,0,41
2026-08-11 17:18:18.718,645,0,41
2026-08-11 17:18:18.718,645,0,41
2026-08-11 17:18:18.718,645,0,41
2026-08-11 17:18:18.745,645,0,41
2026-08-11 17:18:18.945,645,0,41
2026-08-11 17:18:19.146,645,0,41
2026-08-11 17:18:19.346,645,0,41
2026-08-11 17:18:19.547,645,0,41
2026-08-11 17:18:19.748,645,0,41
2026-08-11 17:18:19.949,645,0,41
2026-08-11 17:18:20.149,645,0,41
2026-08-11 17:18:20.350,645,0,41
2026-08-11 17:18:20.551,645,0,41
2026-08-11 17:18:20.751,645,0,41
2026-08-11 17:18:20.956,645,0,41
2026-08-11 17:18:21.153,645,0,41
2026-08-11 17:18:21.353,645,0,41
2026-08-11 17:18:21.558,645,0,41
2026-08-11 17:18:21.759,645,0,41
2026-08-11 17:18:21.959,645,0,41
2026-08-11 17:18:22.160,645,0,41
2026-08-11 17:18:22.361,645,0,40
2026-08-11 17:18:22.562,645,0,40
2026-08-11 17:18:22.762,645,0,12
2026-08-11 17:18:22.963,645,0,10
2026-08-11 17:18:23.164,645,0,8
2026-08-11 17:18:23.364,645,0,8
2026-08-11 17:18:23.565,645,0,7
2026-08-11 17:18:23.766,645,0,7
2026-08-11 17:18:23.966,645,0,6
2026-08-11 17:18:24.167,645,0,11
2026-08-11 17:18:24.368,645,0,38
2026-08-11 17:18:24.569,645,0,39
2026-08-11 17:18:24.769,645,0,40
2026-08-11 17:18:24.970,645,0,33
2026-08-11 17:18:25.171,645,0,20
2026-08-11 17:18:25.371,645,0,13
2026-08-11 17:18:25.572,645,0,10
2026-08-11 17:18:25.773,645,0,9
2026-08-11 17:18:25.978,645,0,10
2026-08-11 17:18:26.178,645,0,10
2026-08-11 17:18:26.379,645,0,32
2026-08-11 17:18:26.580,645,0,39
2026-08-11 17:18:26.780,645,0,38
2026-08-11 17:18:26.981,645,0,39
2026-08-11 17:18:27.182,645,0,40
2026-08-11 17:18:27.382,645,0,13
2026-08-11 17:18:27.583,645,0,38
2026-08-11 17:18:27.784,645,0,39
2026-08-11 17:18:27.984,645,0,40
2026-08-11 17:18:28.185,645,0,40
2026-08-11 17:18:28.386,645,0,41
2026-08-11 17:18:28.587,645,0,43
2026-08-11 17:18:28.787,645,1,43
2026-08-11 17:18:28.988,645,0,43
2026-08-11 17:18:29.189,645,0,43
2026-08-11 17:18:29.389,645,1,43
2026-08-11 17:18:29.590,645,1,43
2026-08-11 17:18:29.791,645,0,43
2026-08-11 17:18:29.991,645,1,43
2026-08-11 17:18:30.196,645,1,43
2026-08-11 17:18:30.397,645,0,43
2026-08-11 17:18:30.594,645,1,43
2026-08-11 17:18:30.798,645,1,43
2026-08-11 17:18:30.999,645,0,43
2026-08-11 17:18:31.200,645,0,43
2026-08-11 17:18:31.400,645,0,43
2026-08-11 17:18:31.601,645,0,43
2026-08-11 17:18:31.802,645,0,44
2026-08-11 17:18:32.003,645,0,44
2026-08-11 17:18:32.203,645,0,44
2026-08-11 17:18:32.404,645,0,43
2026-08-11 17:18:32.605,645,0,44
2026-08-11 17:18:32.805,645,0,44
2026-08-11 17:18:33.006,645,0,44
2026-08-11 17:18:33.207,645,0,44
2026-08-11 17:18:33.407,645,0,44
2026-08-11 17:18:33.608,645,0,44
2026-08-11 17:18:33.809,645,0,44
2026-08-11 17:18:34.009,645,0,44
2026-08-11 17:18:34.210,645,0,44
2026-08-11 17:18:34.415,645,0,43
2026-08-11 17:18:34.612,645,0,43
2026-08-11 17:18:34.812,645,0,43
2026-08-11 17:18:35.017,645,0,44
2026-08-11 17:18:35.218,645,0,43
2026-08-11 17:18:35.414,645,0,44
2026-08-11 17:18:35.619,645,0,44
2026-08-11 17:18:35.820,645,0,44
2026-08-11 17:18:36.020,645,0,44
2026-08-11 17:18:36.221,645,0,44
2026-08-11 17:18:36.422,645,0,43
2026-08-11 17:18:36.623,645,0,43
2026-08-11 17:18:36.823,645,0,43
2026-08-11 17:18:37.024,645,0,44
2026-08-11 17:18:37.225,645,0,44
2026-08-11 17:18:37.426,645,0,44
2026-08-11 17:18:37.626,645,0,44
2026-08-11 17:18:37.827,645,0,44
2026-08-11 17:18:38.027,645,0,44
2026-08-11 17:18:38.228,645,0,44
2026-08-11 17:18:38.429,645,0,43
2026-08-11 17:18:38.630,645,0,43
2026-08-11 17:18:38.830,645,0,43
2026-08-11 17:18:39.031,645,0,43
2026-08-11 17:18:39.236,645,0,44
2026-08-11 17:18:39.432,645,0,44
2026-08-11 17:18:39.633,645,0,44
2026-08-11 17:18:39.838,645,0,44
2026-08-11 17:18:40.039,645,0,44
2026-08-11 17:18:40.239,645,0,43
2026-08-11 17:18:40.440,645,0,43
2026-08-11 17:18:40.641,645,0,43
2026-08-11 17:18:40.841,645,0,44
2026-08-11 17:18:41.042,645,0,43
2026-08-11 17:18:41.243,645,0,44
2026-08-11 17:18:41.443,645,0,44
2026-08-11 17:18:41.644,645,0,44
2026-08-11 17:18:41.845,645,0,44
2026-08-11 17:18:42.045,645,0,44
2026-08-11 17:18:42.246,645,0,44
2026-08-11 17:18:42.447,645,0,43
2026-08-11 17:18:42.648,645,0,43
2026-08-11 17:18:42.848,645,0,44
2026-08-11 17:18:43.049,645,0,44
2026-08-11 17:18:43.250,645,0,44
2026-08-11 17:18:43.450,645,0,44
2026-08-11 17:18:43.651,645,0,44
2026-08-11 17:18:43.852,645,0,44
2026-08-11 17:18:44.057,645,0,44
